"Sample","Quant","Temps","Temperature","fid","CO","CO2"
"BDCV02",2.98,0,200,664,0,19
"BDCV02",2.98,1,200,692,0,22
"BDCV02",2.98,2,200,729,0,22
"BDCV02",2.98,3,200,774,0,22
"BDCV02",2.98,4,200,824,0,28
"BDCV02",2.98,5,200,879,2,31
"BDCV02",2.98,6,200,938,0,40
"BDCV02",2.98,7,200,1067,2,53
"BDCV02",2.98,8,200,1205,4,62
"BDCV02",2.98,9,200,1355,2,75
"BDCV02",2.98,10,200,1514,4,84
"BDCV02",2.98,11,200,1681,2,102
"BDCV02",2.98,12,200,1857,2,115
"BDCV02",2.98,13,200,2038,4,130
"BDCV02",2.98,14,200,2226,5,146
"BDCV02",2.98,15,200,2418,4,161
"BDCV02",2.98,16,200,2613,4,180
"BDCV02",2.98,17,200,2810,4,196
"BDCV02",2.98,18,200,3010,4,208
"BDCV02",2.98,19,200,3210,4,227
"BDCV02",2.98,20,200,3410,4,255
"BDCV02",2.98,21,200,3609,4,273
"BDCV02",2.98,22,200,3806,5,295
"BDCV02",2.98,23,200,4002,5,314
"BDCV02",2.98,24,200,4195,5,329
"BDCV02",2.98,25,200,4385,5,348
"BDCV02",2.98,26,201,4573,4,369
"BDCV02",2.98,27,201,4758,4,388
"BDCV02",2.98,28,201,4940,4,410
"BDCV02",2.98,29,201,5118,4,425
"BDCV02",2.98,30,201,5293,4,441
"BDCV02",2.98,31,201,5464,5,447
"BDCV02",2.98,32,201,5630,7,463
"BDCV02",2.98,33,201,5791,9,478
"BDCV02",2.98,34,201,5948,7,491
"BDCV02",2.98,35,201,6100,5,497
"BDCV02",2.98,36,201,6247,4,503
"BDCV02",2.98,37,201,6389,4,506
"BDCV02",2.98,38,201,6525,5,509
"BDCV02",2.98,39,201,6656,5,512
"BDCV02",2.98,40,201,6781,5,519
"BDCV02",2.98,41,201,6902,4,522
"BDCV02",2.98,42,201,7017,5,519
"BDCV02",2.98,43,201,7129,5,515
"BDCV02",2.98,44,201,7236,5,515
"BDCV02",2.98,45,201,7340,5,519
"BDCV02",2.98,46,201,7440,5,515
"BDCV02",2.98,47,201,7538,5,515
"BDCV02",2.98,48,201,7634,4,512
"BDCV02",2.98,49,201,7727,4,509
"BDCV02",2.98,50,201,7818,4,509
"BDCV02",2.98,51,201,7907,5,506
"BDCV02",2.98,52,201,7994,5,503
"BDCV02",2.98,53,201,8079,5,503
"BDCV02",2.98,54,201,8162,5,500
"BDCV02",2.98,55,201,8242,5,494
"BDCV02",2.98,56,201,8320,5,491
"BDCV02",2.98,57,201,8395,5,487
"BDCV02",2.98,58,201,8467,5,487
"BDCV02",2.98,59,201,8537,4,484
"BDCV02",2.98,60,201,8604,4,478
"BDCV02",2.98,61,201,8668,4,475
"BDCV02",2.98,62,201,8730,4,472
"BDCV02",2.98,63,201,8788,4,466
"BDCV02",2.98,64,201,8843,5,460
"BDCV02",2.98,65,201,8895,5,456
"BDCV02",2.98,66,201,8944,5,453
"BDCV02",2.98,67,201,8990,7,447
"BDCV02",2.98,68,201,9033,5,441
"BDCV02",2.98,69,201,9073,5,438
"BDCV02",2.98,70,201,9111,2,432
"BDCV02",2.98,71,201,9146,2,432
"BDCV02",2.98,72,201,9179,4,425
"BDCV02",2.98,73,201,9210,5,422
"BDCV02",2.98,74,201,9237,5,413
"BDCV02",2.98,75,201,9261,4,407
"BDCV02",2.98,76,201,9283,4,404
"BDCV02",2.98,77,201,9304,4,401
"BDCV02",2.98,78,201,9323,5,397
"BDCV02",2.98,79,201,9340,5,391
"BDCV02",2.98,80,201,9355,5,388
"BDCV02",2.98,81,201,9369,2,382
"BDCV02",2.98,82,201,9380,2,379
"BDCV02",2.98,83,201,9390,2,369
"BDCV02",2.98,84,201,9398,4,369
"BDCV02",2.98,85,201,9405,4,366
"BDCV02",2.98,86,201,9410,4,360
"BDCV02",2.98,87,201,9414,4,357
"BDCV02",2.98,88,201,9416,5,348
"BDCV02",2.98,89,201,9418,4,345
"BDCV02",2.98,90,201,9418,4,342
"BDCV02",2.98,91,201,9417,4,338
"BDCV02",2.98,92,201,9415,4,335
"BDCV02",2.98,93,201,9412,4,332
"BDCV02",2.98,94,201,9407,4,323
"BDCV02",2.98,95,201,9402,4,320
"BDCV02",2.98,96,201,9396,2,314
"BDCV02",2.98,97,201,9389,2,314
"BDCV02",2.98,98,201,9381,0,307
"BDCV02",2.98,99,201,9372,2,301
"BDCV02",2.98,100,201,9362,4,298
"BDCV02",2.98,101,201,9351,4,292
"BDCV02",2.98,102,201,9339,2,289
"BDCV02",2.98,103,201,9326,2,286
"BDCV02",2.98,104,201,9313,4,283
"BDCV02",2.98,105,201,9299,0,279
"BDCV02",2.98,106,201,9284,2,276
"BDCV02",2.98,107,201,9269,2,270
"BDCV02",2.98,108,201,9254,2,267
"BDCV02",2.98,109,201,9237,4,264
"BDCV02",2.98,110,201,9220,4,258
"BDCV02",2.98,111,201,9202,2,258
"BDCV02",2.98,112,201,9184,4,255
"BDCV02",2.98,113,201,9164,4,252
"BDCV02",2.98,114,201,9146,2,248
"BDCV02",2.98,115,201,9127,2,245
"BDCV02",2.98,116,201,9108,2,236
"BDCV02",2.98,117,201,9089,4,236
"BDCV02",2.98,118,201,9069,2,236
"BDCV02",2.98,119,201,9049,2,233
"BDCV02",2.98,120,201,9028,2,230
"BDCV02",2.98,121,201,9007,2,224
"BDCV02",2.98,122,201,8985,2,217
"BDCV02",2.98,123,201,8962,2,214
"BDCV02",2.98,124,201,8941,2,214
"BDCV02",2.98,125,201,8920,2,214
"BDCV02",2.98,126,201,8898,2,211
"BDCV02",2.98,127,201,8876,4,208
"BDCV02",2.98,128,201,8852,2,205
"BDCV02",2.98,129,201,8828,2,199
"BDCV02",2.98,130,201,8804,2,193
"BDCV02",2.98,131,201,8779,0,193
"BDCV02",2.98,132,201,8754,2,193
"BDCV02",2.98,133,201,8729,4,189
"BDCV02",2.98,134,201,8706,4,189
"BDCV02",2.98,135,201,8684,4,186
"BDCV02",2.98,136,201,8664,2,183
"BDCV02",2.98,137,198,8644,2,180
"BDCV02",2.98,138,198,8625,2,177
"BDCV02",2.98,139,198,8606,0,177
"BDCV02",2.98,140,199,8589,2,174
"BDCV02",2.98,141,199,8572,2,171
"BDCV02",2.98,142,199,8558,0,171
"BDCV02",2.98,143,199,8545,0,168
"BDCV02",2.98,144,199,8534,0,161
"BDCV02",2.98,145,199,8526,0,165
"BDCV02",2.98,146,199,8519,0,165
"BDCV02",2.98,147,199,8514,2,158
"BDCV02",2.98,148,199,8509,2,158
"BDCV02",2.98,149,199,8505,2,155
"BDCV02",2.98,150,199,8503,0,152
"BDCV02",2.98,151,199,8503,2,152
"BDCV02",2.98,152,200,8505,0,149
"BDCV02",2.98,153,200,8508,0,146
"BDCV02",2.98,154,200,8513,0,146
"BDCV02",2.98,155,200,8518,2,146
"BDCV02",2.98,156,200,8525,2,143
"BDCV02",2.98,157,200,8531,2,143
"BDCV02",2.98,158,200,8538,0,140
"BDCV02",2.98,159,200,8544,0,137
"BDCV02",2.98,160,200,8549,0,137
"BDCV02",2.98,161,201,8553,2,137
"BDCV02",2.98,162,201,8556,2,134
"BDCV02",2.98,163,201,8558,0,130
"BDCV02",2.98,164,201,8559,0,130
"BDCV02",2.98,165,201,8557,0,130
"BDCV02",2.98,166,201,8554,0,130
"BDCV02",2.98,167,201,8550,2,127
"BDCV02",2.98,168,201,8544,2,124
"BDCV02",2.98,169,201,8536,2,124
"BDCV02",2.98,170,201,8526,2,127
"BDCV02",2.98,171,201,8514,2,127
"BDCV02",2.98,172,201,8501,0,124
"BDCV02",2.98,173,201,8486,0,121
"BDCV02",2.98,174,202,8470,2,121
"BDCV02",2.98,175,202,8453,0,118
"BDCV02",2.98,176,202,8434,2,118
"BDCV02",2.98,177,202,8414,0,118
"BDCV02",2.98,178,202,8394,0,118
"BDCV02",2.98,179,202,8374,0,118
"BDCV02",2.98,180,202,8354,0,115
"BDCV02",2.98,181,202,8336,0,115
"BDCV02",2.98,182,202,8319,0,115
"BDCV02",2.98,183,202,8302,0,112
"BDCV02",2.98,184,202,8286,0,112
"BDCV02",2.98,185,202,8272,0,112
"BDCV02",2.98,186,202,8259,2,109
"BDCV02",2.98,187,202,8250,2,109
"BDCV02",2.98,188,202,8243,2,106
"BDCV02",2.98,189,202,8240,0,106
"BDCV02",2.98,190,202,8241,0,106
"BDCV02",2.98,191,203,8247,2,106
"BDCV02",2.98,192,203,8258,2,102
"BDCV02",2.98,193,203,8273,2,102
"BDCV02",2.98,194,203,8292,0,99
"BDCV02",2.98,195,203,8318,0,99
"BDCV02",2.98,196,203,8351,2,99
"BDCV02",2.98,197,204,8390,0,99
"BDCV02",2.98,198,204,8437,0,99
"BDCV02",2.98,199,204,8490,0,102
"BDCV02",2.98,200,204,8551,0,99
"BDCV02",2.98,201,205,8619,2,96
"BDCV02",2.98,202,205,8693,0,96
"BDCV02",2.98,203,205,8774,0,93
"BDCV02",2.98,204,206,8862,2,93
"BDCV02",2.98,205,206,8956,2,93
"BDCV02",2.98,206,206,9057,0,90
"BDCV02",2.98,207,207,9163,0,93
"BDCV02",2.98,208,208,9275,0,93
"BDCV02",2.98,209,208,9393,0,90
"BDCV02",2.98,210,208,9516,2,90
"BDCV02",2.98,211,209,9644,0,90
"BDCV02",2.98,212,209,9778,2,90
"BDCV02",2.98,213,210,9916,0,87
"BDCV02",2.98,214,210,10059,2,90
"BDCV02",2.98,215,210,10207,2,90
"BDCV02",2.98,216,211,10359,2,90
"BDCV02",2.98,217,211,10516,2,90
"BDCV02",2.98,218,212,10676,0,90
"BDCV02",2.98,219,213,10839,0,90
"BDCV02",2.98,220,213,11005,2,90
"BDCV02",2.98,221,214,11175,0,90
"BDCV02",2.98,222,214,11347,0,93
"BDCV02",2.98,223,215,11521,0,90
"BDCV02",2.98,224,215,11698,0,90
"BDCV02",2.98,225,215,11875,0,96
"BDCV02",2.98,226,216,12055,0,96
"BDCV02",2.98,227,217,12235,2,96
"BDCV02",2.98,228,217,12415,2,96
"BDCV02",2.98,229,218,12595,2,99
"BDCV02",2.98,230,218,12775,2,102
"BDCV02",2.98,231,219,12955,0,99
"BDCV02",2.98,232,219,13133,2,99
"BDCV02",2.98,233,220,13310,0,102
"BDCV02",2.98,234,220,13485,0,106
"BDCV02",2.98,235,221,13657,2,106
"BDCV02",2.98,236,221,13827,4,106
"BDCV02",2.98,237,222,13993,0,112
"BDCV02",2.98,238,223,14155,0,112
"BDCV02",2.98,239,223,14313,0,112
"BDCV02",2.98,240,224,14466,0,112
"BDCV02",2.98,241,224,14616,0,118
"BDCV02",2.98,242,225,14760,2,121
"BDCV02",2.98,243,225,14899,0,121
"BDCV02",2.98,244,226,15031,2,121
"BDCV02",2.98,245,226,15158,2,124
"BDCV02",2.98,246,227,15279,0,124
"BDCV02",2.98,247,227,15394,0,130
"BDCV02",2.98,248,228,15502,2,130
"BDCV02",2.98,249,228,15603,2,130
"BDCV02",2.98,250,229,15698,0,134
"BDCV02",2.98,251,229,15786,0,137
"BDCV02",2.98,252,230,15866,0,140
"BDCV02",2.98,253,230,15939,2,143
"BDCV02",2.98,254,231,16004,2,143
"BDCV02",2.98,255,231,16061,2,143
"BDCV02",2.98,256,232,16111,2,146
"BDCV02",2.98,257,232,16152,0,149
"BDCV02",2.98,258,232,16187,2,149
"BDCV02",2.98,259,233,16213,2,152
"BDCV02",2.98,260,234,16231,0,155
"BDCV02",2.98,261,234,16241,2,155
"BDCV02",2.98,262,234,16243,0,155
"BDCV02",2.98,263,235,16239,0,158
"BDCV02",2.98,264,235,16227,2,158
"BDCV02",2.98,265,236,16208,2,161
"BDCV02",2.98,266,236,16183,2,161
"BDCV02",2.98,267,237,16152,2,165
"BDCV02",2.98,268,237,16115,0,165
"BDCV02",2.98,269,237,16071,0,161
"BDCV02",2.98,270,238,16022,0,161
"BDCV02",2.98,271,238,15966,0,165
"BDCV02",2.98,272,239,15906,2,168
"BDCV02",2.98,273,239,15842,2,168
"BDCV02",2.98,274,240,15774,2,168
"BDCV02",2.98,275,240,15703,0,171
"BDCV02",2.98,276,241,15628,0,171
"BDCV02",2.98,277,241,15549,4,168
"BDCV02",2.98,278,241,15468,2,165
"BDCV02",2.98,279,242,15384,2,171
"BDCV02",2.98,280,242,15297,2,171
"BDCV02",2.98,281,243,15209,0,171
"BDCV02",2.98,282,243,15119,2,171
"BDCV02",2.98,283,243,15028,2,171
"BDCV02",2.98,284,244,14936,4,168
"BDCV02",2.98,285,244,14844,5,171
"BDCV02",2.98,286,245,14750,4,174
"BDCV02",2.98,287,245,14655,4,168
"BDCV02",2.98,288,245,14560,4,171
"BDCV02",2.98,289,246,14466,5,171
"BDCV02",2.98,290,246,14372,5,171
"BDCV02",2.98,291,247,14279,5,177
"BDCV02",2.98,292,247,14187,4,174
"BDCV02",2.98,293,247,14097,4,177
"BDCV02",2.98,294,248,14007,5,177
"BDCV02",2.98,295,248,13920,5,174
"BDCV02",2.98,296,248,13834,5,177
"BDCV02",2.98,297,249,13751,7,180
"BDCV02",2.98,298,249,13671,5,180
"BDCV02",2.98,299,250,13593,5,183
"BDCV02",2.98,300,250,13518,7,180
"BDCV02",2.98,301,250,13445,5,180
"BDCV02",2.98,302,251,13374,7,186
"BDCV02",2.98,303,251,13306,11,189
"BDCV02",2.98,304,252,13240,9,189
"BDCV02",2.98,305,252,13175,9,186
"BDCV02",2.98,306,253,13113,9,189
"BDCV02",2.98,307,253,13053,11,186
"BDCV02",2.98,308,253,12996,11,189
"BDCV02",2.98,309,254,12941,13,196
"BDCV02",2.98,310,254,12887,16,199
"BDCV02",2.98,311,255,12834,16,199
"BDCV02",2.98,312,255,12782,18,199
"BDCV02",2.98,313,255,12732,18,199
"BDCV02",2.98,314,256,12684,18,202
"BDCV02",2.98,315,256,12636,18,205
"BDCV02",2.98,316,256,12589,22,211
"BDCV02",2.98,317,257,12543,22,214
"BDCV02",2.98,318,257,12499,22,214
"BDCV02",2.98,319,258,12455,22,220
"BDCV02",2.98,320,258,12413,23,220
"BDCV02",2.98,321,258,12370,25,220
"BDCV02",2.98,322,259,12327,27,224
"BDCV02",2.98,323,260,12284,30,224
"BDCV02",2.98,324,260,12242,30,230
"BDCV02",2.98,325,260,12200,32,236
"BDCV02",2.98,326,261,12158,34,242
"BDCV02",2.98,327,261,12117,34,242
"BDCV02",2.98,328,261,12076,36,245
"BDCV02",2.98,329,262,12035,36,245
"BDCV02",2.98,330,262,11995,38,248
"BDCV02",2.98,331,263,11956,38,255
"BDCV02",2.98,332,263,11917,39,258
"BDCV02",2.98,333,263,11878,43,264
"BDCV02",2.98,334,264,11840,43,267
"BDCV02",2.98,335,264,11803,45,267
"BDCV02",2.98,336,265,11767,47,270
"BDCV02",2.98,337,265,11732,48,273
"BDCV02",2.98,338,265,11699,48,279
"BDCV02",2.98,339,265,11666,48,283
"BDCV02",2.98,340,266,11636,48,283
"BDCV02",2.98,341,267,11606,50,283
"BDCV02",2.98,342,267,11579,52,289
"BDCV02",2.98,343,267,11552,54,292
"BDCV02",2.98,344,268,11527,54,295
"BDCV02",2.98,345,268,11504,56,295
"BDCV02",2.98,346,269,11483,57,301
"BDCV02",2.98,347,269,11464,59,304
"BDCV02",2.98,348,270,11447,61,307
"BDCV02",2.98,349,270,11432,63,307
"BDCV02",2.98,350,270,11418,63,307
"BDCV02",2.98,351,271,11407,63,311
"BDCV02",2.98,352,271,11398,66,317
"BDCV02",2.98,353,272,11391,66,317
"BDCV02",2.98,354,272,11386,66,317
"BDCV02",2.98,355,272,11383,68,317
"BDCV02",2.98,356,273,11382,70,317
"BDCV02",2.98,357,273,11383,70,320
"BDCV02",2.98,358,274,11387,72,320
"BDCV02",2.98,359,274,11392,73,320
"BDCV02",2.98,360,274,11400,75,320
"BDCV02",2.98,361,275,11409,77,323
"BDCV02",2.98,362,275,11421,77,326
"BDCV02",2.98,363,275,11434,77,326
"BDCV02",2.98,364,276,11449,77,326
"BDCV02",2.98,365,276,11466,81,329
"BDCV02",2.98,366,277,11485,81,329
"BDCV02",2.98,367,277,11505,81,329
"BDCV02",2.98,368,278,11528,84,329
"BDCV02",2.98,369,278,11552,86,329
"BDCV02",2.98,370,279,11579,86,332
"BDCV02",2.98,371,279,11607,88,332
"BDCV02",2.98,372,280,11637,88,332
"BDCV02",2.98,373,280,11669,88,335
"BDCV02",2.98,374,280,11702,90,335
"BDCV02",2.98,375,281,11737,91,332
"BDCV02",2.98,376,281,11774,95,338
"BDCV02",2.98,377,282,11812,95,345
"BDCV02",2.98,378,282,11852,99,348
"BDCV02",2.98,379,282,11893,99,345
"BDCV02",2.98,380,283,11937,100,345
"BDCV02",2.98,381,283,11981,100,348
"BDCV02",2.98,382,284,12026,102,351
"BDCV02",2.98,383,284,12073,102,351
"BDCV02",2.98,384,284,12121,104,354
"BDCV02",2.98,385,285,12170,104,354
"BDCV02",2.98,386,285,12221,106,357
"BDCV02",2.98,387,286,12274,108,363
"BDCV02",2.98,388,286,12327,111,363
"BDCV02",2.98,389,286,12382,113,360
"BDCV02",2.98,390,287,12439,115,363
"BDCV02",2.98,391,287,12497,115,369
"BDCV02",2.98,392,288,12557,116,373
"BDCV02",2.98,393,288,12618,118,376
"BDCV02",2.98,394,289,12680,118,379
"BDCV02",2.98,395,289,12743,118,379
"BDCV02",2.98,396,290,12806,120,379
"BDCV02",2.98,397,290,12871,122,385
"BDCV02",2.98,398,290,12936,124,388
"BDCV02",2.98,399,291,13003,125,394
"BDCV02",2.98,400,291,13070,125,394
"BDCV02",2.98,401,292,13138,127,401
"BDCV02",2.98,402,292,13208,129,404
"BDCV02",2.98,403,292,13278,129,404
"BDCV02",2.98,404,293,13347,131,407
"BDCV02",2.98,405,293,13416,131,413
"BDCV02",2.98,406,294,13487,131,419
"BDCV02",2.98,407,294,13558,133,419
"BDCV02",2.98,408,294,13629,134,422
"BDCV02",2.98,409,295,13700,136,428
"BDCV02",2.98,410,295,13772,134,432
"BDCV02",2.98,411,296,13845,138,435
"BDCV02",2.98,412,296,13918,138,438
"BDCV02",2.98,413,296,13991,140,441
"BDCV02",2.98,414,297,14065,142,447
"BDCV02",2.98,415,297,14138,142,450
"BDCV02",2.98,416,298,14212,143,453
"BDCV02",2.98,417,298,14287,143,460
"BDCV02",2.98,418,298,14362,143,463
"BDCV02",2.98,419,299,14438,145,466
"BDCV02",2.98,420,300,14514,145,472
"BDCV02",2.98,421,300,14591,147,475
"BDCV02",2.98,422,300,14667,145,478
"BDCV02",2.98,423,301,14743,145,484
"BDCV02",2.98,424,301,14819,145,491
"BDCV02",2.98,425,302,14894,147,494
"BDCV02",2.98,426,302,14969,149,497
"BDCV02",2.98,427,302,15044,147,497
"BDCV02",2.98,428,303,15118,149,497
"BDCV02",2.98,429,303,15191,147,503
"BDCV02",2.98,430,304,15263,147,512
"BDCV02",2.98,431,304,15334,147,519
"BDCV02",2.98,432,304,15404,147,522
"BDCV02",2.98,433,305,15473,147,525
"BDCV02",2.98,434,305,15541,145,525
"BDCV02",2.98,435,306,15608,147,528
"BDCV02",2.98,436,306,15675,149,534
"BDCV02",2.98,437,306,15740,149,537
"BDCV02",2.98,438,307,15803,147,540
"BDCV02",2.98,439,307,15865,147,543
"BDCV02",2.98,440,308,15926,147,546
"BDCV02",2.98,441,308,15985,147,550
"BDCV02",2.98,442,308,16044,147,559
"BDCV02",2.98,443,309,16102,145,559
"BDCV02",2.98,444,309,16159,145,562
"BDCV02",2.98,445,310,16215,147,565
"BDCV02",2.98,446,310,16270,145,571
"BDCV02",2.98,447,311,16323,143,571
"BDCV02",2.98,448,311,16374,143,574
"BDCV02",2.98,449,311,16426,143,578
"BDCV02",2.98,450,312,16476,142,584
"BDCV02",2.98,451,312,16527,142,587
"BDCV02",2.98,452,313,16576,140,587
"BDCV02",2.98,453,313,16625,138,590
"BDCV02",2.98,454,313,16673,138,590
"BDCV02",2.98,455,314,16721,136,590
"BDCV02",2.98,456,314,16768,134,593
"BDCV02",2.98,457,314,16815,134,596
"BDCV02",2.98,458,315,16862,133,599
"BDCV02",2.98,459,316,16909,133,599
"BDCV02",2.98,460,316,16956,133,599
"BDCV02",2.98,461,316,17004,129,599
"BDCV02",2.98,462,317,17053,127,599
"BDCV02",2.98,463,317,17103,125,605
"BDCV02",2.98,464,318,17153,125,609
"BDCV02",2.98,465,318,17204,127,609
"BDCV02",2.98,466,318,17255,127,609
"BDCV02",2.98,467,319,17308,124,612
"BDCV02",2.98,468,319,17361,124,612
"BDCV02",2.98,469,320,17416,124,612
"BDCV02",2.98,470,320,17470,122,612
"BDCV02",2.98,471,321,17526,118,612
"BDCV02",2.98,472,321,17583,116,612
"BDCV02",2.98,473,321,17640,118,609
"BDCV02",2.98,474,322,17698,116,609
"BDCV02",2.98,475,322,17755,115,612
"BDCV02",2.98,476,323,17813,113,612
"BDCV02",2.98,477,323,17872,113,609
"BDCV02",2.98,478,323,17932,113,605
"BDCV02",2.98,479,324,17992,111,605
"BDCV02",2.98,480,324,18053,111,605
"BDCV02",2.98,481,325,18115,111,605
"BDCV02",2.98,482,325,18178,109,609
"BDCV02",2.98,483,325,18242,108,609
"BDCV02",2.98,484,326,18306,108,609
"BDCV02",2.98,485,326,18372,106,605
"BDCV02",2.98,486,327,18438,108,605
"BDCV02",2.98,487,327,18505,108,605
"BDCV02",2.98,488,328,18573,108,609
"BDCV02",2.98,489,328,18643,108,605
"BDCV02",2.98,490,328,18713,108,605
"BDCV02",2.98,491,329,18784,106,602
"BDCV02",2.98,492,329,18855,106,602
"BDCV02",2.98,493,330,18926,108,602
"BDCV02",2.98,494,330,18998,106,599
"BDCV02",2.98,495,330,19071,106,599
"BDCV02",2.98,496,331,19143,106,596
"BDCV02",2.98,497,331,19216,108,596
"BDCV02",2.98,498,332,19288,106,599
"BDCV02",2.98,499,332,19360,106,596
"BDCV02",2.98,500,332,19432,106,596
"BDCV02",2.98,501,333,19503,106,596
"BDCV02",2.98,502,333,19573,106,596
"BDCV02",2.98,503,334,19642,108,593
"BDCV02",2.98,504,334,19710,108,593
"BDCV02",2.98,505,335,19776,108,593
"BDCV02",2.98,506,335,19840,108,593
"BDCV02",2.98,507,336,19902,108,596
"BDCV02",2.98,508,336,19962,106,593
"BDCV02",2.98,509,336,20019,108,590
"BDCV02",2.98,510,337,20073,108,593
"BDCV02",2.98,511,337,20124,109,590
"BDCV02",2.98,512,338,20171,109,593
"BDCV02",2.98,513,338,20214,111,590
"BDCV02",2.98,514,338,20254,113,590
"BDCV02",2.98,515,339,20290,113,590
"BDCV02",2.98,516,339,20322,113,590
"BDCV02",2.98,517,340,20350,111,590
"BDCV02",2.98,518,340,20375,111,587
"BDCV02",2.98,519,340,20396,111,590
"BDCV02",2.98,520,341,20413,113,590
"BDCV02",2.98,521,341,20425,113,593
"BDCV02",2.98,522,342,20433,113,590
"BDCV02",2.98,523,342,20438,115,587
"BDCV02",2.98,524,342,20438,113,590
"BDCV02",2.98,525,343,20436,111,590
"BDCV02",2.98,526,343,20429,111,584
"BDCV02",2.98,527,344,20419,111,587
"BDCV02",2.98,528,344,20406,111,584
"BDCV02",2.98,529,344,20389,113,584
"BDCV02",2.98,530,345,20368,113,581
"BDCV02",2.98,531,345,20344,111,581
"BDCV02",2.98,532,346,20316,111,578
"BDCV02",2.98,533,346,20286,109,578
"BDCV02",2.98,534,347,20253,106,578
"BDCV02",2.98,535,347,20217,108,574
"BDCV02",2.98,536,347,20178,106,571
"BDCV02",2.98,537,348,20136,104,568
"BDCV02",2.98,538,348,20093,102,562
"BDCV02",2.98,539,349,20050,102,562
"BDCV02",2.98,540,349,20003,100,562
"BDCV02",2.98,541,349,19955,100,559
"BDCV02",2.98,542,350,19906,100,553
"BDCV02",2.98,543,350,19855,97,550
"BDCV02",2.98,544,351,19804,97,546
"BDCV02",2.98,545,351,19752,93,540
"BDCV02",2.98,546,351,19700,93,534
"BDCV02",2.98,547,352,19649,93,531
"BDCV02",2.98,548,352,19599,90,528
"BDCV02",2.98,549,353,19552,88,522
"BDCV02",2.98,550,353,19506,86,515
"BDCV02",2.98,551,354,19461,84,509
"BDCV02",2.98,552,354,19418,81,503
"BDCV02",2.98,553,354,19379,77,500
"BDCV02",2.98,554,355,19344,77,494
"BDCV02",2.98,555,355,19313,75,491
"BDCV02",2.98,556,356,19287,72,481
"BDCV02",2.98,557,356,19265,72,475
"BDCV02",2.98,558,356,19247,70,469
"BDCV02",2.98,559,357,19235,66,463
"BDCV02",2.98,560,357,19227,66,456
"BDCV02",2.98,561,358,19225,65,447
"BDCV02",2.98,562,358,19228,61,444
"BDCV02",2.98,563,358,19236,59,435
"BDCV02",2.98,564,359,19250,57,432
"BDCV02",2.98,565,359,19270,56,422
"BDCV02",2.98,566,360,19295,56,419
"BDCV02",2.98,567,360,19324,52,410
"BDCV02",2.98,568,360,19359,52,404
"BDCV02",2.98,569,361,19398,50,397
"BDCV02",2.98,570,361,19442,47,388
"BDCV02",2.98,571,362,19489,45,379
"BDCV02",2.98,572,362,19540,45,376
"BDCV02",2.98,573,362,19596,43,369
"BDCV02",2.98,574,363,19655,41,360
"BDCV02",2.98,575,363,19717,41,351
"BDCV02",2.98,576,364,19782,39,348
"BDCV02",2.98,577,364,19849,38,342
"BDCV02",2.98,578,365,19916,38,338
"BDCV02",2.98,579,365,19986,36,335
"BDCV02",2.98,580,366,20057,36,329
"BDCV02",2.98,581,366,20131,34,320
"BDCV02",2.98,582,367,20205,34,317
"BDCV02",2.98,583,367,20280,32,317
"BDCV02",2.98,584,367,20355,32,311
"BDCV02",2.98,585,368,20429,32,307
"BDCV02",2.98,586,368,20504,32,301
"BDCV02",2.98,587,369,20579,32,298
"BDCV02",2.98,588,369,20654,32,298
"BDCV02",2.98,589,369,20727,32,292
"BDCV02",2.98,590,370,20799,30,286
"BDCV02",2.98,591,370,20869,30,283
"BDCV02",2.98,592,371,20937,30,279
"BDCV02",2.98,593,371,21002,29,276
"BDCV02",2.98,594,371,21066,29,276
"BDCV02",2.98,595,372,21128,29,276
"BDCV02",2.98,596,372,21188,30,270
"BDCV02",2.98,597,373,21245,29,270
"BDCV02",2.98,598,373,21301,29,267
"BDCV02",2.98,599,373,21353,29,264
"BDCV02",2.98,600,374,21402,30,264
"BDCV02",2.98,601,374,21444,29,264
"BDCV02",2.98,602,375,21482,27,261
"BDCV02",2.98,603,375,21516,27,261
"BDCV02",2.98,604,375,21545,29,258
"BDCV02",2.98,605,376,21568,27,252
"BDCV02",2.98,606,376,21585,27,252
"BDCV02",2.98,607,377,21596,27,252
"BDCV02",2.98,608,377,21598,27,252
"BDCV02",2.98,609,378,21592,27,252
"BDCV02",2.98,610,378,21578,25,248
"BDCV02",2.98,611,378,21555,25,245
"BDCV02",2.98,612,379,21520,27,242
"BDCV02",2.98,613,379,21474,27,239
"BDCV02",2.98,614,380,21419,27,242
"BDCV02",2.98,615,380,21354,27,236
"BDCV02",2.98,616,381,21278,25,236
"BDCV02",2.98,617,381,21188,27,236
"BDCV02",2.98,618,381,21085,27,236
"BDCV02",2.98,619,382,20967,25,236
"BDCV02",2.98,620,382,20834,25,236
"BDCV02",2.98,621,383,20688,25,233
"BDCV02",2.98,622,383,20526,27,236
"BDCV02",2.98,623,383,20349,27,233
"BDCV02",2.98,624,384,20156,27,233
"BDCV02",2.98,625,384,19946,27,236
"BDCV02",2.98,626,385,19720,27,236
"BDCV02",2.98,627,385,19478,27,230
"BDCV02",2.98,628,385,19218,27,230
"BDCV02",2.98,629,386,18944,29,230
"BDCV02",2.98,630,386,18654,29,230
"BDCV02",2.98,631,387,18350,27,230
"BDCV02",2.98,632,387,18032,27,230
"BDCV02",2.98,633,387,17702,29,227
"BDCV02",2.98,634,388,17360,27,224
"BDCV02",2.98,635,388,17007,27,230
"BDCV02",2.98,636,389,16645,29,227
"BDCV02",2.98,637,389,16277,29,224
"BDCV02",2.98,638,389,15905,29,224
"BDCV02",2.98,639,390,15529,27,224
"BDCV02",2.98,640,390,15152,27,224
"BDCV02",2.98,641,391,14775,27,224
"BDCV02",2.98,642,391,14398,27,224
"BDCV02",2.98,643,391,14025,27,220
"BDCV02",2.98,644,392,13657,29,220
"BDCV02",2.98,645,392,13298,29,217
"BDCV02",2.98,646,393,12946,27,217
"BDCV02",2.98,647,393,12604,27,217
"BDCV02",2.98,648,394,12273,27,220
"BDCV02",2.98,649,394,11952,27,220
"BDCV02",2.98,650,394,11643,27,217
"BDCV02",2.98,651,395,11344,27,217
"BDCV02",2.98,652,395,11057,29,217
"BDCV02",2.98,653,396,10783,27,217
"BDCV02",2.98,654,396,10521,29,217
"BDCV02",2.98,655,397,10272,29,214
"BDCV02",2.98,656,397,10032,27,214
"BDCV02",2.98,657,397,9800,29,211
"BDCV02",2.98,658,398,9579,29,211
"BDCV02",2.98,659,398,9368,29,214
"BDCV02",2.98,660,399,9168,29,211
"BDCV02",2.98,661,399,8977,30,211
"BDCV02",2.98,662,400,8793,30,214
"BDCV02",2.98,663,400,8617,30,214
"BDCV02",2.98,664,400,8448,29,211
"BDCV02",2.98,665,401,8286,29,208
"BDCV02",2.98,666,401,8129,30,208
"BDCV02",2.98,667,402,7980,30,208
"BDCV02",2.98,668,402,7836,30,205
"BDCV02",2.98,669,402,7700,30,205
"BDCV02",2.98,670,403,7568,29,208
"BDCV02",2.98,671,403,7440,29,208
"BDCV02",2.98,672,404,7314,29,205
"BDCV02",2.98,673,404,7190,29,205
"BDCV02",2.98,674,404,7071,30,205
"BDCV02",2.98,675,405,6955,29,205
"BDCV02",2.98,676,405,6844,29,208
"BDCV02",2.98,677,406,6735,29,205
"BDCV02",2.98,678,406,6631,29,202
"BDCV02",2.98,679,406,6530,30,199
"BDCV02",2.98,680,407,6431,29,202
"BDCV02",2.98,681,407,6335,29,202
"BDCV02",2.98,682,408,6243,29,202
"BDCV02",2.98,683,408,6155,29,199
"BDCV02",2.98,684,408,6072,29,199
"BDCV02",2.98,685,409,5993,29,196
"BDCV02",2.98,686,409,5917,29,196
"BDCV02",2.98,687,410,5844,30,196
"BDCV02",2.98,688,410,5773,29,193
"BDCV02",2.98,689,410,5706,27,189
"BDCV02",2.98,690,411,5642,29,189
"BDCV02",2.98,691,411,5581,29,193
"BDCV02",2.98,692,412,5522,29,193
"BDCV02",2.98,693,412,5467,29,189
"BDCV02",2.98,694,413,5413,29,186
"BDCV02",2.98,695,413,5362,29,186
"BDCV02",2.98,696,413,5313,29,189
"BDCV02",2.98,697,414,5267,29,189
"BDCV02",2.98,698,414,5222,29,186
"BDCV02",2.98,699,415,5180,29,186
"BDCV02",2.98,700,415,5140,29,183
"BDCV02",2.98,701,416,5101,32,183
"BDCV02",2.98,702,416,5064,30,183
"BDCV02",2.98,703,416,5029,30,180
"BDCV02",2.98,704,417,4995,30,183
"BDCV02",2.98,705,417,4962,29,183
"BDCV02",2.98,706,418,4931,29,183
"BDCV02",2.98,707,418,4901,30,183
"BDCV02",2.98,708,419,4871,29,180
"BDCV02",2.98,709,419,4843,27,180
"BDCV02",2.98,710,419,4816,29,177
"BDCV02",2.98,711,420,4789,30,177
"BDCV02",2.98,712,420,4764,27,177
"BDCV02",2.98,713,421,4740,27,174
"BDCV02",2.98,714,421,4717,29,174
"BDCV02",2.98,715,421,4694,27,174
"BDCV02",2.98,716,422,4673,25,171
"BDCV02",2.98,717,422,4652,29,171
"BDCV02",2.98,718,423,4632,29,174
"BDCV02",2.98,719,423,4612,29,174
"BDCV02",2.98,720,424,4594,29,171
"BDCV02",2.98,721,424,4576,29,171
"BDCV02",2.98,722,424,4559,29,174
"BDCV02",2.98,723,425,4542,29,171
"BDCV02",2.98,724,425,4527,30,171
"BDCV02",2.98,725,426,4511,30,168
"BDCV02",2.98,726,426,4497,30,168
"BDCV02",2.98,727,426,4483,30,168
"BDCV02",2.98,728,427,4469,30,168
"BDCV02",2.98,729,427,4456,30,165
"BDCV02",2.98,730,428,4443,30,168
"BDCV02",2.98,731,428,4431,30,168
"BDCV02",2.98,732,429,4420,29,165
"BDCV02",2.98,733,429,4409,30,165
"BDCV02",2.98,734,429,4398,29,165
"BDCV02",2.98,735,430,4387,30,165
"BDCV02",2.98,736,430,4377,30,161
"BDCV02",2.98,737,431,4367,30,158
"BDCV02",2.98,738,431,4358,30,158
"BDCV02",2.98,739,431,4348,30,158
"BDCV02",2.98,740,432,4339,30,158
"BDCV02",2.98,741,432,4330,30,158
"BDCV02",2.98,742,433,4321,29,158
"BDCV02",2.98,743,433,4313,29,155
"BDCV02",2.98,744,433,4305,30,155
"BDCV02",2.98,745,434,4296,30,158
"BDCV02",2.98,746,434,4288,30,158
"BDCV02",2.98,747,435,4281,30,158
"BDCV02",2.98,748,435,4273,30,158
"BDCV02",2.98,749,435,4266,30,155
"BDCV02",2.98,750,436,4259,29,155
"BDCV02",2.98,751,436,4253,29,158
"BDCV02",2.98,752,437,4247,29,158
"BDCV02",2.98,753,437,4241,29,155
"BDCV02",2.98,754,437,4236,29,152
"BDCV02",2.98,755,438,4231,29,149
"BDCV02",2.98,756,438,4226,29,149
"BDCV02",2.98,757,439,4221,29,152
"BDCV02",2.98,758,439,4217,29,152
"BDCV02",2.98,759,440,4213,29,149
"BDCV02",2.98,760,440,4209,27,149
"BDCV02",2.98,761,440,4205,27,152
"BDCV02",2.98,762,441,4201,29,152
"BDCV02",2.98,763,441,4198,29,149
"BDCV02",2.98,764,441,4194,27,146
"BDCV02",2.98,765,442,4191,29,149
"BDCV02",2.98,766,442,4188,30,149
"BDCV02",2.98,767,443,4185,30,149
"BDCV02",2.98,768,443,4183,30,146
"BDCV02",2.98,769,444,4180,30,146
"BDCV02",2.98,770,444,4178,30,149
"BDCV02",2.98,771,444,4176,30,146
"BDCV02",2.98,772,445,4173,30,143
"BDCV02",2.98,773,445,4171,29,146
"BDCV02",2.98,774,446,4169,29,146
"BDCV02",2.98,775,446,4167,30,143
"BDCV02",2.98,776,446,4165,29,143
"BDCV02",2.98,777,447,4163,27,146
"BDCV02",2.98,778,447,4161,29,143
"BDCV02",2.98,779,448,4158,30,140
"BDCV02",2.98,780,448,4156,29,143
"BDCV02",2.98,781,448,4153,29,143
"BDCV02",2.98,782,449,4150,29,140
"BDCV02",2.98,783,449,4147,29,140
"BDCV02",2.98,784,450,4144,29,137
"BDCV02",2.98,785,450,4140,29,140
"BDCV02",2.98,786,451,4136,29,143
"BDCV02",2.98,787,451,4132,29,140
"BDCV02",2.98,788,451,4128,27,140
"BDCV02",2.98,789,452,4123,27,143
"BDCV02",2.98,790,452,4118,29,140
"BDCV02",2.98,791,453,4112,30,140
"BDCV02",2.98,792,453,4106,30,140
"BDCV02",2.98,793,454,4100,30,140
"BDCV02",2.98,794,454,4093,29,140
"BDCV02",2.98,795,454,4086,30,140
"BDCV02",2.98,796,455,4078,29,140
"BDCV02",2.98,797,455,4070,29,140
"BDCV02",2.98,798,456,4062,29,140
"BDCV02",2.98,799,456,4053,27,137
"BDCV02",2.98,800,456,4044,29,137
"BDCV02",2.98,801,457,4034,29,134
"BDCV02",2.98,802,457,4024,29,134
"BDCV02",2.98,803,458,4014,29,134
"BDCV02",2.98,804,458,4003,29,134
"BDCV02",2.98,805,458,3991,29,134
"BDCV02",2.98,806,459,3979,30,134
"BDCV02",2.98,807,459,3967,29,134
"BDCV02",2.98,808,460,3955,29,137
"BDCV02",2.98,809,460,3942,29,137
"BDCV02",2.98,810,461,3929,30,137
"BDCV02",2.98,811,461,3915,30,134
"BDCV02",2.98,812,461,3901,29,134
"BDCV02",2.98,813,462,3886,29,134
"BDCV02",2.98,814,462,3872,29,134
"BDCV02",2.98,815,463,3856,29,134
"BDCV02",2.98,816,463,3840,29,130
"BDCV02",2.98,817,463,3824,29,130
"BDCV02",2.98,818,464,3808,29,127
"BDCV02",2.98,819,464,3790,29,127
"BDCV02",2.98,820,465,3773,29,134
"BDCV02",2.98,821,465,3754,29,134
"BDCV02",2.98,822,466,3736,29,130
"BDCV02",2.98,823,466,3716,29,134
"BDCV02",2.98,824,466,3696,29,134
"BDCV02",2.98,825,467,3676,29,134
"BDCV02",2.98,826,467,3655,29,130
"BDCV02",2.98,827,468,3634,29,130
"BDCV02",2.98,828,468,3612,29,130
"BDCV02",2.98,829,468,3590,30,127
"BDCV02",2.98,830,469,3567,29,127
"BDCV02",2.98,831,469,3544,30,127
"BDCV02",2.98,832,470,3520,30,127
"BDCV02",2.98,833,470,3496,29,127
"BDCV02",2.98,834,470,3472,29,127
"BDCV02",2.98,835,471,3448,29,127
"BDCV02",2.98,836,471,3423,29,127
"BDCV02",2.98,837,472,3398,29,127
"BDCV02",2.98,838,472,3373,27,127
"BDCV02",2.98,839,472,3347,27,124
"BDCV02",2.98,840,473,3321,29,127
"BDCV02",2.98,841,473,3295,29,130
"BDCV02",2.98,842,474,3268,29,127
"BDCV02",2.98,843,474,3242,29,127
"BDCV02",2.98,844,475,3215,29,127
"BDCV02",2.98,845,475,3187,29,124
"BDCV02",2.98,846,476,3160,29,127
"BDCV02",2.98,847,476,3132,30,127
"BDCV02",2.98,848,476,3104,30,130
"BDCV02",2.98,849,477,3076,30,127
"BDCV02",2.98,850,477,3048,30,127
"BDCV02",2.98,851,478,3019,30,130
"BDCV02",2.98,852,478,2991,29,130
"BDCV02",2.98,853,478,2962,29,127
"BDCV02",2.98,854,479,2933,29,127
"BDCV02",2.98,855,479,2903,27,127
"BDCV02",2.98,856,480,2874,27,124
"BDCV02",2.98,857,480,2845,29,124
"BDCV02",2.98,858,480,2815,29,124
"BDCV02",2.98,859,481,2786,30,127
"BDCV02",2.98,860,481,2756,29,127
"BDCV02",2.98,861,482,2727,29,127
"BDCV02",2.98,862,482,2697,29,127
"BDCV02",2.98,863,483,2668,29,127
"BDCV02",2.98,864,483,2639,29,127
"BDCV02",2.98,865,483,2609,30,130
"BDCV02",2.98,866,483,2581,27,130
"BDCV02",2.98,867,484,2552,27,127
"BDCV02",2.98,868,485,2524,29,130
"BDCV02",2.98,869,485,2496,29,130
"BDCV02",2.98,870,485,2468,29,130
"BDCV02",2.98,871,486,2440,27,130
"BDCV02",2.98,872,486,2413,29,130
"BDCV02",2.98,873,486,2385,29,130
"BDCV02",2.98,874,487,2359,29,134
"BDCV02",2.98,875,487,2332,30,134
"BDCV02",2.98,876,488,2306,30,130
"BDCV02",2.98,877,488,2280,30,130
"BDCV02",2.98,878,489,2255,29,130
"BDCV02",2.98,879,489,2230,29,134
"BDCV02",2.98,880,489,2205,29,134
"BDCV02",2.98,881,490,2180,29,130
"BDCV02",2.98,882,490,2156,30,127
"BDCV02",2.98,883,491,2132,30,130
"BDCV02",2.98,884,491,2109,30,127
"BDCV02",2.98,885,492,2086,29,130
"BDCV02",2.98,886,492,2063,30,130
"BDCV02",2.98,887,492,2040,30,130
"BDCV02",2.98,888,493,2018,30,134
"BDCV02",2.98,889,493,1996,30,130
"BDCV02",2.98,890,494,1974,30,130
"BDCV02",2.98,891,494,1952,29,130
"BDCV02",2.98,892,494,1930,29,130
"BDCV02",2.98,893,495,1908,29,130
"BDCV02",2.98,894,495,1887,30,130
"BDCV02",2.98,895,496,1866,32,127
"BDCV02",2.98,896,496,1845,30,130
"BDCV02",2.98,897,496,1824,29,134
"BDCV02",2.98,898,497,1803,29,134
"BDCV02",2.98,899,497,1782,29,134
"BDCV02",2.98,900,498,1762,29,134
"BDCV02",2.98,901,498,1741,27,130
"BDCV02",2.98,902,499,1721,29,130
"BDCV02",2.98,903,499,1701,30,130
"BDCV02",2.98,904,499,1681,34,127
"BDCV02",2.98,905,500,1662,32,127
"BDCV02",2.98,906,500,1642,29,130
"BDCV02",2.98,907,501,1623,29,134
"BDCV02",2.98,908,501,1604,30,134
"BDCV02",2.98,909,501,1585,29,130
"BDCV02",2.98,910,502,1566,29,134
"BDCV02",2.98,911,502,1548,29,134
"BDCV02",2.98,912,503,1529,30,130
"BDCV02",2.98,913,503,1511,30,130
"BDCV02",2.98,914,504,1493,30,130
"BDCV02",2.98,915,504,1475,30,134
"BDCV02",2.98,916,504,1457,29,130
"BDCV02",2.98,917,505,1439,30,130
"BDCV02",2.98,918,505,1422,30,134
"BDCV02",2.98,919,506,1405,30,130
"BDCV02",2.98,920,506,1388,32,130
"BDCV02",2.98,921,506,1371,30,134
"BDCV02",2.98,922,507,1354,30,134
"BDCV02",2.98,923,507,1338,30,134
"BDCV02",2.98,924,508,1321,30,134
"BDCV02",2.98,925,508,1305,29,134
"BDCV02",2.98,926,509,1289,27,134
"BDCV02",2.98,927,509,1273,27,130
"BDCV02",2.98,928,509,1258,30,130
"BDCV02",2.98,929,510,1242,29,134
"BDCV02",2.98,930,510,1227,27,137
"BDCV02",2.98,931,511,1212,29,137
"BDCV02",2.98,932,511,1197,27,130
"BDCV02",2.98,933,512,1182,29,130
"BDCV02",2.98,934,512,1168,30,134
"BDCV02",2.98,935,512,1153,29,137
"BDCV02",2.98,936,512,1139,30,134
"BDCV02",2.98,937,513,1124,30,134
"BDCV02",2.98,938,513,1111,30,134
"BDCV02",2.98,939,514,1097,29,134
"BDCV02",2.98,940,514,1083,29,134
"BDCV02",2.98,941,514,1070,29,137
"BDCV02",2.98,942,515,1057,29,134
"BDCV02",2.98,943,515,1044,27,134
"BDCV02",2.98,944,516,1030,27,137
"BDCV02",2.98,945,516,1018,29,137
"BDCV02",2.98,946,517,1005,29,137
"BDCV02",2.98,947,517,993,27,137
"BDCV02",2.98,948,517,981,27,134
"BDCV02",2.98,949,518,970,29,134
"BDCV02",2.98,950,518,958,29,134
"BDCV02",2.98,951,519,947,27,134
"BDCV02",2.98,952,519,935,27,137
"BDCV02",2.98,953,519,924,27,137
"BDCV02",2.98,954,520,913,27,137
"BDCV02",2.98,955,520,902,27,137
"BDCV02",2.98,956,521,892,25,134
"BDCV02",2.98,957,521,881,27,134
"BDCV02",2.98,958,521,871,27,134
"BDCV02",2.98,959,522,861,25,134
"BDCV02",2.98,960,522,851,29,137
"BDCV02",2.98,961,522,841,29,137
"BDCV02",2.98,962,523,831,29,137
"BDCV02",2.98,963,524,822,25,137
"BDCV02",2.98,964,524,813,27,137
"BDCV02",2.98,965,524,804,27,137
"BDCV02",2.98,966,525,795,27,137
"BDCV02",2.98,967,525,786,25,140
"BDCV02",2.98,968,526,777,27,140
"BDCV02",2.98,969,526,769,29,137
"BDCV02",2.98,970,527,760,27,137
"BDCV02",2.98,971,527,752,27,137
"BDCV02",2.98,972,527,744,29,137
"BDCV02",2.98,973,528,736,29,137
"BDCV02",2.98,974,528,728,29,140
"BDCV02",2.98,975,529,720,25,140
"BDCV02",2.98,976,529,712,27,140
"BDCV02",2.98,977,530,704,29,140
"BDCV02",2.98,978,530,697,27,140
"BDCV02",2.98,979,530,689,29,140
"BDCV02",2.98,980,531,682,27,143
"BDCV02",2.98,981,531,675,27,143
"BDCV02",2.98,982,532,667,25,143
"BDCV02",2.98,983,532,660,23,143
"BDCV02",2.98,984,532,653,25,143
"BDCV02",2.98,985,533,647,27,143
"BDCV02",2.98,986,533,640,25,146
"BDCV02",2.98,987,534,634,25,146
"BDCV02",2.98,988,534,627,25,146
"BDCV02",2.98,989,534,621,27,146
"BDCV02",2.98,990,535,615,27,146
"BDCV02",2.98,991,535,609,25,149
"BDCV02",2.98,992,536,603,25,149
"BDCV02",2.98,993,536,597,27,149
"BDCV02",2.98,994,536,591,27,149
"BDCV02",2.98,995,537,585,27,149
"BDCV02",2.98,996,537,580,29,149
"BDCV02",2.98,997,537,574,27,152
"BDCV02",2.98,998,538,568,27,152
"BDCV02",2.98,999,538,563,27,152
"BDCV02",2.98,1000,539,558,29,152
"BDCV02",2.98,1001,539,552,30,152
"BDCV02",2.98,1002,540,547,29,152
"BDCV02",2.98,1003,540,542,29,155
"BDCV02",2.98,1004,541,537,29,158
"BDCV02",2.98,1005,541,531,27,158
"BDCV02",2.98,1006,541,526,29,161
"BDCV02",2.98,1007,542,521,29,161
"BDCV02",2.98,1008,542,516,29,161
"BDCV02",2.98,1009,543,511,29,158
"BDCV02",2.98,1010,543,506,30,161
"BDCV02",2.98,1011,543,501,30,158
"BDCV02",2.98,1012,544,497,30,161
"BDCV02",2.98,1013,544,492,29,168
"BDCV02",2.98,1014,545,487,30,168
"BDCV02",2.98,1015,545,482,29,168
"BDCV02",2.98,1016,546,477,29,168
"BDCV02",2.98,1017,546,473,30,168
"BDCV02",2.98,1018,546,468,30,171
"BDCV02",2.98,1019,547,464,30,168
"BDCV02",2.98,1020,547,460,30,171
"BDCV02",2.98,1021,548,455,32,177
"BDCV02",2.98,1022,548,451,32,174
"BDCV02",2.98,1023,548,447,32,174
"BDCV02",2.98,1024,549,442,32,177
"BDCV02",2.98,1025,549,438,30,180
"BDCV02",2.98,1026,550,434,32,183
"BDCV02",2.98,1027,550,430,34,180
"BDCV02",2.98,1028,550,426,34,180
"BDCV02",2.98,1029,551,422,34,186
"BDCV02",2.98,1030,551,418,36,186
"BDCV02",2.98,1031,552,414,36,183
"BDCV02",2.98,1032,552,411,36,186
"BDCV02",2.98,1033,552,407,36,186
"BDCV02",2.98,1034,553,403,36,189
"BDCV02",2.98,1035,553,400,36,193
"BDCV02",2.98,1036,554,396,36,196
"BDCV02",2.98,1037,554,392,34,193
"BDCV02",2.98,1038,554,389,34,196
"BDCV02",2.98,1039,555,385,36,199
"BDCV02",2.98,1040,555,382,36,199
"BDCV02",2.98,1041,556,378,38,202
"BDCV02",2.98,1042,556,375,39,199
"BDCV02",2.98,1043,557,371,39,199
"BDCV02",2.98,1044,557,368,39,202
"BDCV02",2.98,1045,558,365,39,205
"BDCV02",2.98,1046,558,362,39,208
"BDCV02",2.98,1047,558,358,41,208
"BDCV02",2.98,1048,559,355,41,208
"BDCV02",2.98,1049,559,352,41,211
"BDCV02",2.98,1050,560,349,41,211
"BDCV02",2.98,1051,560,346,43,217
"BDCV02",2.98,1052,560,342,43,217
"BDCV02",2.98,1053,561,339,45,217
"BDCV02",2.98,1054,561,336,45,220
"BDCV02",2.98,1055,562,333,45,224
"BDCV02",2.98,1056,562,330,45,224
"BDCV02",2.98,1057,562,327,45,224
"BDCV02",2.98,1058,563,325,45,227
"BDCV02",2.98,1059,563,322,45,230
"BDCV02",2.98,1060,564,319,47,230
"BDCV02",2.98,1061,564,316,47,233
"BDCV02",2.98,1062,565,314,47,233
"BDCV02",2.98,1063,565,311,47,236
"BDCV02",2.98,1064,565,308,47,236
"BDCV02",2.98,1065,566,306,47,242
"BDCV02",2.98,1066,566,303,47,245
"BDCV02",2.98,1067,566,301,48,248
"BDCV02",2.98,1068,567,299,48,248
"BDCV02",2.98,1069,567,296,50,248
"BDCV02",2.98,1070,568,294,52,248
"BDCV02",2.98,1071,568,291,54,252
"BDCV02",2.98,1072,568,289,52,255
"BDCV02",2.98,1073,569,286,50,255
"BDCV02",2.98,1074,569,284,52,258
"BDCV02",2.98,1075,570,281,54,261
"BDCV02",2.98,1076,570,279,54,261
"BDCV02",2.98,1077,571,277,54,261
"BDCV02",2.98,1078,571,274,56,261
"BDCV02",2.98,1079,571,272,56,264
"BDCV02",2.98,1080,572,270,57,270
"BDCV02",2.98,1081,572,267,57,270
"BDCV02",2.98,1082,573,265,59,273
"BDCV02",2.98,1083,573,263,59,276
"BDCV02",2.98,1084,574,261,59,276
"BDCV02",2.98,1085,574,259,59,279
"BDCV02",2.98,1086,574,257,59,283
"BDCV02",2.98,1087,575,254,61,283
"BDCV02",2.98,1088,575,252,61,286
"BDCV02",2.98,1089,576,250,61,289
"BDCV02",2.98,1090,576,248,61,289
"BDCV02",2.98,1091,576,246,63,289
"BDCV02",2.98,1092,577,244,66,289
"BDCV02",2.98,1093,577,242,66,295
"BDCV02",2.98,1094,578,240,65,295
"BDCV02",2.98,1095,578,238,65,295
"BDCV02",2.98,1096,578,236,66,301
"BDCV02",2.98,1097,579,234,66,304
"BDCV02",2.98,1098,579,232,68,301
"BDCV02",2.98,1099,580,230,66,304
"BDCV02",2.98,1100,580,228,68,307
"BDCV02",2.98,1101,581,226,68,307
"BDCV02",2.98,1102,581,224,66,311
"BDCV02",2.98,1103,581,222,68,314
"BDCV02",2.98,1104,582,221,70,317
"BDCV02",2.98,1105,582,219,70,314
"BDCV02",2.98,1106,583,217,72,317
"BDCV02",2.98,1107,583,215,72,320
"BDCV02",2.98,1108,583,213,72,323
"BDCV02",2.98,1109,584,212,73,323
"BDCV02",2.98,1110,584,210,72,323
"BDCV02",2.98,1111,585,208,72,326
"BDCV02",2.98,1112,585,206,72,326
"BDCV02",2.98,1113,585,205,73,329
"BDCV02",2.98,1114,586,203,73,329
"BDCV02",2.98,1115,586,201,73,329
"BDCV02",2.98,1116,587,200,73,329
"BDCV02",2.98,1117,587,198,75,332
"BDCV02",2.98,1118,588,196,77,335
"BDCV02",2.98,1119,588,195,79,335
"BDCV02",2.98,1120,589,193,79,338
"BDCV02",2.98,1121,589,192,77,342
"BDCV02",2.98,1122,589,190,77,342
"BDCV02",2.98,1123,590,189,77,338
"BDCV02",2.98,1124,590,187,79,335
"BDCV02",2.98,1125,590,185,79,338
"BDCV02",2.98,1126,591,184,81,338
"BDCV02",2.98,1127,591,182,81,342
"BDCV02",2.98,1128,592,181,79,342
"BDCV02",2.98,1129,592,180,79,345
"BDCV02",2.98,1130,593,178,81,342
"BDCV02",2.98,1131,593,177,82,338
"BDCV02",2.98,1132,593,175,82,342
"BDCV02",2.98,1133,594,174,82,345
"BDCV02",2.98,1134,594,172,82,348
"BDCV02",2.98,1135,595,171,84,348
"BDCV02",2.98,1136,595,170,82,345
"BDCV02",2.98,1137,595,168,82,348
"BDCV02",2.98,1138,596,167,82,348
"BDCV02",2.98,1139,596,166,86,348
"BDCV02",2.98,1140,596,164,86,348
"BDCV02",2.98,1141,597,163,84,345
"BDCV02",2.98,1142,597,162,84,348
"BDCV02",2.98,1143,598,161,84,345
"BDCV02",2.98,1144,598,159,84,342
"BDCV02",2.98,1145,598,158,84,348
"BDCV02",2.98,1146,599,157,84,348
"BDCV02",2.98,1147,599,156,84,348
"BDCV02",2.98,1148,600,155,84,348
"BDCV02",2.98,1149,600,154,84,345
"BDCV02",2.98,1150,601,152,86,345
"BDCV02",2.98,1151,601,151,84,345
"BDCV02",2.98,1152,602,150,86,345
"BDCV02",2.98,1153,602,149,88,345
"BDCV02",2.98,1154,602,148,88,345
"BDCV02",2.98,1155,603,147,88,342
"BDCV02",2.98,1156,603,146,88,342
"BDCV02",2.98,1157,604,145,88,338
"BDCV02",2.98,1158,604,144,88,338
"BDCV02",2.98,1159,605,143,88,342
"BDCV02",2.98,1160,605,142,90,345
"BDCV02",2.98,1161,605,141,88,342
"BDCV02",2.98,1162,606,141,90,338
"BDCV02",2.98,1163,606,140,90,338
"BDCV02",2.98,1164,607,139,90,338
"BDCV02",2.98,1165,607,138,90,338
"BDCV02",2.98,1166,607,137,88,335
"BDCV02",2.98,1167,608,136,88,335
"BDCV02",2.98,1168,608,135,90,332
"BDCV02",2.98,1169,609,134,90,332
"BDCV02",2.98,1170,609,133,91,335
"BDCV02",2.98,1171,609,133,90,335
"BDCV02",2.98,1172,610,132,90,332
"BDCV02",2.98,1173,610,131,90,332
"BDCV02",2.98,1174,611,130,88,332
"BDCV02",2.98,1175,611,129,88,332
"BDCV02",2.98,1176,611,129,90,329
"BDCV02",2.98,1177,612,128,90,329
"BDCV02",2.98,1178,612,127,88,329
"BDCV02",2.98,1179,613,126,88,329
"BDCV02",2.98,1180,613,126,88,329
"BDCV02",2.98,1181,614,125,90,329
"BDCV02",2.98,1182,614,124,91,329
"BDCV02",2.98,1183,614,123,90,326
"BDCV02",2.98,1184,615,122,91,326
"BDCV02",2.98,1185,615,122,91,326
"BDCV02",2.98,1186,616,121,91,326
"BDCV02",2.98,1187,616,120,90,326
"BDCV02",2.98,1188,616,119,91,326
"BDCV02",2.98,1189,617,118,93,326
"BDCV02",2.98,1190,617,118,93,323
"BDCV02",2.98,1191,618,117,95,320
"BDCV02",2.98,1192,618,116,93,320
"BDCV02",2.98,1193,619,116,91,317
"BDCV02",2.98,1194,619,115,93,320
"BDCV02",2.98,1195,619,115,93,323
"BDCV02",2.98,1196,620,114,93,323
"BDCV02",2.98,1197,620,113,93,320
"BDCV02",2.98,1198,621,113,95,320
"BDCV02",2.98,1199,621,112,97,320
"BDCV02",2.98,1200,622,112,95,320
"BDCV02",2.98,1201,622,111,97,323
"BDCV02",2.98,1202,622,111,97,320
"BDCV02",2.98,1203,623,110,95,317
"BDCV02",2.98,1204,623,109,93,320
"BDCV02",2.98,1205,624,109,95,320
"BDCV02",2.98,1206,624,108,99,317
"BDCV02",2.98,1207,624,107,97,317
"BDCV02",2.98,1208,625,106,97,314
"BDCV02",2.98,1209,625,106,99,314
"BDCV02",2.98,1210,626,105,99,317
"BDCV02",2.98,1211,626,105,97,320
"BDCV02",2.98,1212,627,104,99,320
"BDCV02",2.98,1213,627,103,99,317
"BDCV02",2.98,1214,627,103,99,314
"BDCV02",2.98,1215,628,102,99,314
"BDCV02",2.98,1216,628,101,99,314
"BDCV02",2.98,1217,629,101,100,317
"BDCV02",2.98,1218,629,100,100,317
"BDCV02",2.98,1219,629,99,100,317
"BDCV02",2.98,1220,630,99,100,317
"BDCV02",2.98,1221,630,98,102,314
"BDCV02",2.98,1222,631,97,102,317
"BDCV02",2.98,1223,631,97,104,317
"BDCV02",2.98,1224,631,96,104,317
"BDCV02",2.98,1225,632,96,102,314
"BDCV02",2.98,1226,632,95,102,314
"BDCV02",2.98,1227,633,95,102,317
"BDCV02",2.98,1228,633,94,104,314
"BDCV02",2.98,1229,634,94,104,317
"BDCV02",2.98,1230,634,93,104,317
"BDCV02",2.98,1231,634,93,106,317
"BDCV02",2.98,1232,635,92,106,317
"BDCV02",2.98,1233,635,92,106,317
"BDCV02",2.98,1234,636,91,106,317
"BDCV02",2.98,1235,636,91,106,317
"BDCV02",2.98,1236,636,90,108,320
"BDCV02",2.98,1237,637,89,108,320
"BDCV02",2.98,1238,637,89,109,317
"BDCV02",2.98,1239,638,89,109,320
"BDCV02",2.98,1240,638,88,111,320
"BDCV02",2.98,1241,639,88,111,320
"BDCV02",2.98,1242,639,87,111,323
"BDCV02",2.98,1243,639,87,113,320
"BDCV02",2.98,1244,640,86,113,320
"BDCV02",2.98,1245,640,86,111,323
"BDCV02",2.98,1246,641,86,111,320
"BDCV02",2.98,1247,641,85,113,317
"BDCV02",2.98,1248,641,85,115,320
"BDCV02",2.98,1249,642,84,115,323
"BDCV02",2.98,1250,642,84,116,326
"BDCV02",2.98,1251,643,84,116,326
"BDCV02",2.98,1252,643,83,116,323
"BDCV02",2.98,1253,644,83,116,326
"BDCV02",2.98,1254,644,83,118,323
"BDCV02",2.98,1255,644,82,118,323
"BDCV02",2.98,1256,645,82,118,326
"BDCV02",2.98,1257,645,81,120,326
"BDCV02",2.98,1258,645,81,120,326
"BDCV02",2.98,1259,646,81,120,329
"BDCV02",2.98,1260,646,80,120,329
"BDCV02",2.98,1261,647,80,122,326
"BDCV02",2.98,1262,647,79,122,326
"BDCV02",2.98,1263,647,79,124,323
"BDCV02",2.98,1264,647,78,125,326
"BDCV02",2.98,1265,647,78,125,326
"BDCV02",2.98,1266,648,77,124,326
"BDCV02",2.98,1267,648,77,124,332
"BDCV02",2.98,1268,648,76,125,329
"BDCV02",2.98,1269,648,75,125,326
"BDCV02",2.98,1270,648,74,124,326
"BDCV02",2.98,1271,648,74,125,326
"BDCV02",2.98,1272,648,73,127,326
"BDCV02",2.98,1273,648,72,129,323
"BDCV02",2.98,1274,648,72,127,323
"BDCV02",2.98,1275,648,71,127,323
"BDCV02",2.98,1276,648,70,125,323
"BDCV02",2.98,1277,647,69,125,323
"BDCV02",2.98,1278,647,69,124,320
"BDCV02",2.98,1279,647,68,124,320
"BDCV02",2.98,1280,646,67,125,320
"BDCV02",2.98,1281,646,66,125,317
"BDCV02",2.98,1282,646,65,122,314
"BDCV02",2.98,1283,645,65,122,311
"BDCV02",2.98,1284,645,64,124,307
"BDCV02",2.98,1285,644,63,118,307
"BDCV02",2.98,1286,644,62,116,307
"BDCV02",2.98,1287,643,61,115,304
"BDCV02",2.98,1288,643,60,113,301
"BDCV02",2.98,1289,642,59,113,295
"BDCV02",2.98,1290,642,59,111,289
"BDCV02",2.98,1291,641,58,109,289
"BDCV02",2.98,1292,641,57,106,289
"BDCV02",2.98,1293,640,56,104,283
"BDCV02",2.98,1294,640,55,104,279
"BDCV02",2.98,1295,639,54,102,276
"BDCV02",2.98,1296,638,54,100,270
"BDCV02",2.98,1297,638,53,97,264
"BDCV02",2.98,1298,637,53,95,261
"BDCV02",2.98,1299,636,52,93,258
"BDCV02",2.98,1300,636,52,90,252
"BDCV02",2.98,1301,635,51,90,245
"BDCV02",2.98,1302,634,51,88,242
"BDCV02",2.98,1303,634,50,84,236
"BDCV02",2.98,1304,633,50,84,233
"BDCV02",2.98,1305,632,49,82,227
"BDCV02",2.98,1306,631,49,81,220
"BDCV02",2.98,1307,631,49,79,217
"BDCV02",2.98,1308,630,48,77,211
"BDCV02",2.98,1309,629,48,75,205
"BDCV02",2.98,1310,629,48,72,202
"BDCV02",2.98,1311,628,47,70,199
"BDCV02",2.98,1312,627,47,70,193
"BDCV02",2.98,1313,626,47,66,186
"BDCV02",2.98,1314,626,46,65,183
"BDCV02",2.98,1315,625,46,61,180
"BDCV02",2.98,1316,624,45,61,174
"BDCV02",2.98,1317,623,45,59,171
"BDCV02",2.98,1318,623,45,57,168
"BDCV02",2.98,1319,622,44,57,165
"BDCV02",2.98,1320,621,44,56,158
"BDCV02",2.98,1321,620,44,52,152
"BDCV02",2.98,1322,619,43,50,149
"BDCV02",2.98,1323,619,43,48,143
"BDCV02",2.98,1324,618,42,48,140
"BDCV02",2.98,1325,617,42,48,137
"BDCV02",2.98,1326,616,42,48,130
"BDCV02",2.98,1327,615,41,47,127
"BDCV02",2.98,1328,615,41,43,124
"BDCV02",2.98,1329,614,41,41,121
"BDCV02",2.98,1330,613,41,41,118
"BDCV02",2.98,1331,612,40,39,118
"BDCV02",2.98,1332,612,40,38,115
"BDCV02",2.98,1333,611,40,38,109
"BDCV02",2.98,1334,610,39,36,106
"BDCV02",2.98,1335,609,39,34,102
"BDCV02",2.98,1336,608,39,32,99
"BDCV02",2.98,1337,608,39,34,96
"BDCV02",2.98,1338,607,38,34,93
"BDCV02",2.98,1339,606,38,32,90
"BDCV02",2.98,1340,605,38,30,90
"BDCV02",2.98,1341,605,38,29,90
"BDCV02",2.98,1342,604,37,29,87
"BDCV02",2.98,1343,603,37,27,84
"BDCV02",2.98,1344,602,37,25,81
"BDCV02",2.98,1345,601,37,27,78
"BDCV02",2.98,1346,601,37,25,78
"BDCV02",2.98,1347,600,37,25,71
"BDCV02",2.98,1348,599,37,23,68
"BDCV02",2.98,1349,598,36,23,68
"BDCV02",2.98,1350,598,36,23,65
"BDCV02",2.98,1351,597,36,23,65
"BDCV02",2.98,1352,596,36,23,65
"BDCV02",2.98,1353,595,35,20,62
"BDCV02",2.98,1354,595,35,18,62
"BDCV02",2.98,1355,594,35,18,62
"BDCV02",2.98,1356,593,35,18,56
"BDCV02",2.98,1357,592,35,18,53
"BDCV02",2.98,1358,592,35,16,50
"BDCV02",2.98,1359,591,35,16,53
"BDCV02",2.98,1360,590,34,14,50
"BDCV02",2.98,1361,589,34,16,50
"BDCV02",2.98,1362,589,34,16,50
"BDCV02",2.98,1363,588,34,16,47
"BDCV02",2.98,1364,587,34,16,43
"BDCV02",2.98,1365,586,34,14,47
"BDCV02",2.98,1366,585,34,13,43
"BDCV02",2.98,1367,585,34,13,43
"BDCV02",2.98,1368,584,34,13,43
"BDCV02",2.98,1369,583,34,13,40
"BDCV02",2.98,1370,582,34,11,40
"BDCV02",2.98,1371,582,34,9,37
"BDCV02",2.98,1372,581,34,11,37
"BDCV02",2.98,1373,580,34,11,37
"BDCV02",2.98,1374,579,34,11,34
"BDCV02",2.98,1375,579,34,11,37
"BDCV02",2.98,1376,578,34,9,37
"BDCV02",2.98,1377,577,33,7,34
"BDCV02",2.98,1378,576,34,9,31
"BDCV02",2.98,1379,576,34,11,31
"BDCV02",2.98,1380,575,34,9,31
"BDCV02",2.98,1381,574,34,7,34
"BDCV02",2.98,1382,573,34,7,31
"BDCV02",2.98,1383,573,34,7,28
"BDCV02",2.98,1384,572,34,7,28
"BDCV02",2.98,1385,571,34,7,28
"BDCV02",2.98,1386,570,34,7,28
"BDCV02",2.98,1387,570,34,7,22
"BDCV02",2.98,1388,569,34,7,22
"BDCV02",2.98,1389,568,34,7,22
"BDCV02",2.98,1390,567,35,7,25
"BDCV02",2.98,1391,567,34,5,22
"BDCV02",2.98,1392,566,34,5,22
"BDCV02",2.98,1393,566,34,5,22
"BDCV02",2.98,1394,565,34,5,19
"BDCV02",2.98,1395,564,34,5,19
"BDCV02",2.98,1396,563,34,5,19
"BDCV02",2.98,1397,563,34,5,19
"BDCV02",2.98,1398,562,34,5,19
"BDCV02",2.98,1399,561,34,5,16
"BDCV02",2.98,1400,560,33,4,12
"BDCV02",2.98,1401,560,33,4,12
"BDCV02",2.98,1402,559,33,7,16
"BDCV02",2.98,1403,558,33,5,19
"BDCV02",2.98,1404,558,33,4,16
"BDCV02",2.98,1405,557,33,5,16
"BDCV02",2.98,1406,556,33,5,16
"BDCV02",2.98,1407,556,33,4,12
"BDCV02",2.98,1408,555,33,4,12
"BDCV02",2.98,1409,554,33,4,12
"BDCV02",2.98,1410,553,33,5,16
"BDCV02",2.98,1411,553,33,5,16
"BDCV02",2.98,1412,552,33,2,16
"BDCV02",2.98,1413,551,33,4,12
"BDCV02",2.98,1414,551,32,5,12
"BDCV02",2.98,1415,550,32,5,12
"BDCV02",2.98,1416,549,32,4,12
"BDCV02",2.98,1417,549,32,2,9
"BDCV02",2.98,1418,548,32,4,9
"BDCV02",2.98,1419,547,32,4,9
"BDCV02",2.98,1420,547,32,4,9
"BDCV02",2.98,1421,546,31,5,9
"BDCV02",2.98,1422,545,31,4,9
"BDCV02",2.98,1423,545,31,2,9
"BDCV02",2.98,1424,544,31,0,0
"BDCV02",2.98,1425,543,31,0,0
"BDCV02",2.98,1426,543,31,0,0
"BDCV02",2.98,1427,542,31,0,0
"BDCV02",2.98,1428,541,31,0,0
"BDCV02",2.98,1429,541,31,0,0
"BDCV02",2.98,1430,540,31,0,0
"BDCV02",2.98,1431,539,31,0,0
"BDCV02",2.98,1432,539,31,0,0
"BDCV02",2.98,1433,538,31,0,0
"BDCV02",2.98,1434,537,30,0,0
"BDCV02",2.98,1435,537,30,0,0
"BDCV02",2.98,1436,536,30,0,0
"BDCV02",2.98,1437,536,30,0,0
"BDCV02",2.98,1438,535,30,0,0
"BDCV02",2.98,1439,534,31,0,0
"BDCV02",2.98,1440,534,32,0,0
"BDCV02",2.98,1441,533,32,0,0
"BDCV02",2.98,1442,532,34,0,0
"BDCV02",2.98,1443,532,35,0,0
